{
    "history": [
      {
        "timestamp": "2025-04-09T10:30:53Z",
        "url": "https://www.dcode.fr/en"
      },
      {
        "timestamp": "2025-04-09T10:45:20Z",
        "url": "https://en.wikipedia.org/wiki/Binary-to-text_encoding"
      },
      {
        "timestamp": "2025-04-09T12:15:44Z",
        "url": "https://en.wikipedia.org/wiki/XOR_cipher"
      },
      {
        "timestamp": "2025-04-09T16:58:20Z",
        "url": "https://www.babelstone.co.uk/Unicode/whatisit.html"
      }
    ]
  }